Travel Keywords,Global Monthly Search,Global CPC
electronic system for travel authorization,1000000,$1.24
travel republic,1000000,$0.09
travel insurance,673000,$7.15
travel insured,673000,$7.15
traveling insurance,673000,$7.15
defense travel system,673000,$1.10
travels,550000,$1.64
travel clubs,246000,$0.06
travel quotes,201000,$1.24
travel supermarket,201000,$0.19
traveler insurance,165000,$2.62
travel agencies,165000,$1.91
traveling agency,165000,$1.91
travel planet,165000,$0.06
travelling,135000,$0.94
work and travel,135000,$0.61
travelers,135000,$0.54
travel agents,110000,$1.65
traveling,110000,$1.02
travel bags,110000,$0.43
traveling bags,110000,$0.43
travel channel,110000,$0.27
travel lodge,110000,$0.26
travellers,90500,$0.53
travel apps,74000,$1.75
travel bloggers,74000,$1.03
travel blogs,74000,$1.03
travel money,74000,$0.86
travel trailers,60500,$1.23
travel news,60500,$0.80
travel planner,60500,$0.68
travel planning,60500,$0.68
travel plans,60500,$0.68
cheap travel insurance,49500,$5.63
budget travel,49500,$0.47
travel insurance compare,40500,$3.42
travel cards,40500,$3.32
travel sites,40500,$3.24
traveling sites,40500,$3.24
last minute travel deals,40500,$1.67
travel mugs,40500,$1.15
travel backpacks,40500,$0.99
travel jobs,40500,$0.72
traveling jobs,40500,$0.72
travelling jobs,40500,$0.72
travel pillows,40500,$0.52
travel systems,40500,$0.38
travel advisors,40500,$0.32
compare travel insurance,33100,$3.28
travel websites,33100,$2.94
traveling websites,33100,$2.94
best travel credit cards,33100,$18.47
travel deals,33100,$1.26
quotes about traveling,33100,$0.90
travel wallets,33100,$0.82
travel guides,33100,$0.70
travel girls,33100,$0.13
travel nursing,27100,$6.64
travel insurance comparisons,27100,$4.11
travel insurance direct,27100,$3.30
travel and leisure,27100,$2.01
student travel,27100,$1.72
travel packages,27100,$1.52
pilot travel centers,27100,$0.77
joint travel regulations,27100,$0
best travel insurance,22200,$5.25
travel guard,22200,$1.68
travel magazine,22200,$1.39
traveler magazine,22200,$1.39
world traveller,22200,$1.06
travel buddies,22200,$1.03
travel services,22200,$0.81
overseas adventure travel,22200,$0.79
travel journals,22200,$0.64
global travel,22200,$0.38
traveling games,22200,$0.30
safe travels,22200,$0.24
best credit card for travel,18100,$21.48
is time travel possible,18100,$1.57
travel brochures,18100,$1.56
travel the world,18100,$1.47
traveling the world,18100,$1.47
cheap places to travel,18100,$1.40
travel checklist,18100,$1.15
traveling checklist,18100,$1.15
travel and tourism,18100,$0.89
travel times,18100,$0.80
travel man,18100,$0.75
travel accessories,18100,$0.71
travel maps,18100,$0.68
travel smart,18100,$0.21
travellers insurance,14800,$3.81
travel pirates,14800,$2.92
travel companies,14800,$2.11
travel company,14800,$2.11
travel alone,14800,$1.64
world travel,14800,$1.35
travel agent jobs,14800,$1.34
travel pro,14800,$1.26
best place to travel,14800,$1.24
the traveler,14800,$1.19
travel style,14800,$0.97
travel tips,14800,$0.94
traveling tips,14800,$0.94
travel essentials,14800,$0.88
traveling essentials,14800,$0.88
travel packs,14800,$0.81
travel books,14800,$0.41
cruise travel,14800,$0.35
travel irons,14800,$0.29
travel kettle,14800,$0.21
travel insurance reviews,12100,$5.35
traveler checks,12100,$4.02
travelers check,12100,$4.02
travelers checks,12100,$4.02
how to become a travel agent,12100,$3.92
travel credit cards,12100,$21.54
travel vaccinations,12100,$2.87
travel vaccines,12100,$2.87
travel math,12100,$2.86
travelers auto insurance,12100,$2.39
travel clothes,12100,$1.49
travel clothing,12100,$1.49
cheap travel,12100,$1.30
travel tours,12100,$1.27
travel itinerary,12100,$1.03
discount travel,12100,$0.97
travel bug,12100,$0.85
travel info,12100,$0.81
travellers cheques,12100,$0.79
travel hair dryer,12100,$0.65
travel bus,12100,$0.59
travel buses,12100,$0.59
travel alerts,12100,$0.54
golf travel bag,12100,$0.53
travel documents,12100,$0.51
travel diary,12100,$0.46
travel adapters,12100,$0.45
travelers notebook,12100,$0.41
smart traveler,12100,$0.40
travel warnings,12100,$0.27
travel experts,12100,$0.25
travel tattoos,12100,$0.09
travel definition,12100,$0.08
traveled definition,12100,$0.08
business traveller,9900,$9.32
travel health insurance,9900,$7.39
travel insurance quotes,9900,$6.26
best travel apps,9900,$2.84
adventure travel,9900,$2.42
best travel sites,9900,$2.25
online travel agency,9900,$2.11
traveling around the world,9900,$1.95
travel coffee mugs,9900,$1.70
travel impressions,9900,$1.69
places to travel,9900,$1.54
travel tracker,9900,$1.21
best traveling backpack,9900,$1.07
travel cribs,9900,$1
travel companions,9900,$0.93
travel logos,9900,$0.86
travel luggage,9900,$0.83
travel security,9900,$0.60
travel kit,9900,$0.58
travel kits,9900,$0.58
travel gifts,9900,$0.56
travel document holder,9900,$0.55
bus travel,9900,$0.30
travel pass,9900,$0.30
travel directions,9900,$0.25
travel time to work,9900,$0.23
travel list,9900,$0.14
international travel insurance,8100,$9.16
business travel,8100,$8.75
travel hacks,8100,$3.68
travel expenses,8100,$2.63
travel doctor,8100,$2.15
travel visa,8100,$1.97
travel visas,8100,$1.97
travel abroad,8100,$1.75
traveling abroad,8100,$1.75
travel photography,8100,$1.63
travel express,8100,$1.60
travel packing list,8100,$1.15
mens travel bag,8100,$1.10
get paid to travel,8100,$0.98
travel synonyms,8100,$0.94
travel partner,8100,$0.90
travel partners,8100,$0.90
travel purses,8100,$0.86
best backpacks for travel,8100,$0.83
travel safe,8100,$0.81
travel safety,8100,$0.81
travel jewelry case,8100,$0.78
best travel camera,8100,$0.74
travel link,8100,$0.69
travel booking,8100,$0.62
travellers rest,8100,$0.52
travel reviews,8100,$0.47
travel advice,8100,$0.46
best travel pillow,8100,$0.37
travel wallpaper,8100,$0.35
travel light,8100,$0.33
travel potty,8100,$0.27
travel fox,8100,$0.12
travel docs,6600,$5.73
platinum executive travel,6600,$3.86
group travel,6600,$2.73
travel writing,6600,$2.63
online travel agents,6600,$2.18
travel pants,6600,$2.09
traveling pants,6600,$2.09
best travel cards,6600,$11.94
the travelers,6600,$1.93
travel jacket,6600,$1.81
travel jackets,6600,$1.81
travel bound,6600,$1.68
travel planners,6600,$1.62
travel consultant,6600,$1.49
travel distance,6600,$1.37
travel tickets,6600,$1.28
travel leisure,6600,$1.22
travel outfits,6600,$1.12
traveling outfits,6600,$1.12
best camera for travel,6600,$0.90
travel cases,6600,$0.85
travel world,6600,$0.83
travel stores,6600,$0.75
travel suitcase,6600,$0.72
traveling suitcase,6600,$0.72
travel stroller,6600,$0.69
travel center,6600,$0.67
travel icons,6600,$0.65
travel cubes,6600,$0.64
travel alarm clocks,6600,$0.61
travel bags for men,6600,$0.60
gifts for travelers,6600,$0.58
top travel,6600,$0.51
best travel mug,6600,$0.43
travel expo,6600,$0.39
traveling wilburys end of the line,6600,$0.27
travel tattoo,6600,$0.19
leisure travel vans,6600,$0.15
travel weather,6600,$0.12
travel insurance companies,5400,$9.74
become a travel agent,5400,$3.80
travel noire,5400,$3.48
travel assistant,5400,$2.89
how to travel for free,5400,$2.48
travel hacker,5400,$2.36
travel hacking,5400,$2.36
travel groups,5400,$2.14
how to travel the world,5400,$2.13
travelers rest high school,5400,$19.42
travel images,5400,$1.84
travel voucher,5400,$1.67
travel with kids,5400,$1.56
travel meaning,5400,$1.48
travel posters,5400,$1.38
travel forum,5400,$1.22
travel forums,5400,$1.22
leather travel bags,5400,$1.10
best travel bags,5400,$1.01
backpacks for travel,5400,$0.94
travel asia,5400,$0.89
travel blankets,5400,$0.78
travel information,5400,$0.72
travel pictures,5400,$0.72
travel gear,5400,$0.70
travel organizer,5400,$0.66
car seat travel bag,5400,$0.58
travel gadgets,5400,$0.57
travel by train,5400,$0.55
travel towel,5400,$0.48
travel adaptor,5400,$0.47
travel pouch,5400,$0.44
travel talk,5400,$0.15
travel synonym,5400,$0
travelers car insurance,4400,$2.40
travel town,4400,$1.98
prepaid travel card,4400,$1.59
cheap travel destinations,4400,$1.50
travel dresses,4400,$1.39
travel photos,4400,$1.27
benefits of traveling,4400,$1.12
travel backpacks for women,4400,$1.07
travel show,4400,$1.07
travel cups,4400,$0.99
travelers careers,4400,$0.86
travelers rest,4400,$0.82
travel handbags,4400,$0.72
travel and tourism jobs,4400,$0.60
travel log,4400,$0.57
travel steamer,4400,$0.56
travel bottles,4400,$0.50
travelation,4400,$0.28
define traveling,4400,$0.21
synonym for travel,4400,$0.14
travelers insurance claims,3600,$8.90
travel advantage network,3600,$2.79
travel wiki,3600,$2.43
corporate travel,3600,$10.07
travel adventures,3600,$1.86
travel articles,3600,$1.84
travel calculator,3600,$1.78
travel photographer,3600,$1.78
travel coupons,3600,$1.76
travel ideas,3600,$1.53
best places to travel in the world,3600,$1.52
travel shoes,3600,$1.49
travel stories,3600,$1.45
travel duffel bags,3600,$1.26
travel cheap,3600,$1.10
travel backpacks for men,3600,$1.04
travel check,3600,$0.98
travel writing jobs,3600,$0.92
online travel,3600,$0.86
travel camera,3600,$0.78
travel gift ideas,3600,$0.73
travel net,3600,$0.66
travel videos,3600,$0.66
travel songs,3600,$0.64
travel box,3600,$0.61
travel clock,3600,$0.61
travel bed,3600,$0.59
travel distance calculator,3600,$0.59
traveler beer,3600,$0.59
best travel books,3600,$0.52
travel words,3600,$0.46
travel plus,3600,$0.44
travel charger,3600,$0.36
travel click,3600,$0.30
best travel system,3600,$0.23
travel wods,3600,$0.08
buy travel insurance,2900,$6.21
travelers insurance company,2900,$3.95
travel web,2900,$3.31
travel medicine,2900,$2.57
best travel agency,2900,$2.37
best traveling agencies,2900,$2.37
travel for free,2900,$2.11
travel clipart,2900,$2
travel rewards,2900,$11.04
top travel blogs,2900,$1.91
travel and transport,2900,$1.83
travel team,2900,$1.83
traveling teams,2900,$1.83
travel tech,2900,$1.59
best travel deals,2900,$1.58
travel vests,2900,$1.53
travel grants,2900,$1.50
travel careers,2900,$1.46
how to travel,2900,$1.30
world travel guide,2900,$1.25
travel discounts,2900,$1.20
travel flights,2900,$1.07
travel trunks,2900,$1.03
womens travel bags,2900,$1
travel wifi,2900,$0.98
travel industry,2900,$0.95
travel toothbrush,2900,$0.93
makeup travel bag,2900,$0.87
travel ban,2900,$0.87
travel tags,2900,$0.87
travel yoga mat,2900,$0.85
leisure travel,2900,$0.84
travel air,2900,$0.76
travel chairs,2900,$0.75
travel bar,2900,$0.72
travel port,2900,$0.70
best travel accessories,2900,$0.66
travel golf bag,2900,$0.64
travel golf bags,2900,$0.64
travel size,2900,$0.60
travel city,2900,$0.55
travel toiletries,2900,$0.54
travel vans,2900,$0.51
easy click travel,2900,$0.43
travel during pregnancy,2900,$0.42
long travel,2900,$0.27
travel forecast,2900,$0.09
travel meme,2900,$0
travel policy,2400,$3.85
discount travel sites,2400,$2.91
travel manager,2400,$2.71
cruise travel agents,2400,$2.29
executive travel,2400,$2.02
travel traders,2400,$13.08
travel management company,2400,$10.54
travel to work,2400,$1.99
travel merry,2400,$1.83
travel places,2400,$1.82
travel quest,2400,$1.82
book travel,2400,$1.46
travelers aid,2400,$1.34
slow travel,2400,$1.31
travel music,2400,$1.25
traveling with a baby,2400,$1.14
time travel books,2400,$1.12
travel printer,2400,$1.09
best travel luggage,2400,$1.06
travel plaza,2400,$0.96
exotic travelers,2400,$0.91
travel budget,2400,$0.91
travel socks,2400,$0.89
travelers choice,2400,$0.89
travel containers,2400,$0.81
watch travel case,2400,$0.80
travel academy,2400,$0.79
travel notebook,2400,$0.74
travel and leisure magazine,2400,$0.71
small travel bags,2400,$0.70
travel size products,2400,$0.67
travel art,2400,$0.60
travel mirror,2400,$0.60
travel bed for toddler,2400,$0.55
outdoor traveler,2400,$0.54
travel set,2400,$0.53
gifts for people who travel,2400,$0.49
travel tv,2400,$0.48
travel exchange,2400,$0.43
the travelers gift,2400,$0.42
travel watch,2400,$0.39
travel home,2400,$0.35
global business travel,1900,$4.84
travel agent training,1900,$4.78
how to start a travel blog,1900,$3.87
travel business,1900,$2.89
adventure travel companies,1900,$2.55
travel on a budget,1900,$2.38
traveling on a budget,1900,$2.38
emergency travel document,1900,$2.13
destination travel,1900,$1.86
travel blazer,1900,$1.84
how to start a travel agency,1900,$1.77
womenâ€™s travel clothing,1900,$1.76
travel passport,1900,$1.72
traveling with pets,1900,$1.68
travel safety tips,1900,$1.50
cheap ways to travel,1900,$1.20
travel photography jobs,1900,$1.19
travel desk,1900,$1.18
best travel shoes,1900,$1.15
travel reservation,1900,$1.11
travel divas,1900,$1.05
travel state,1900,$1.02
travellers beach resort,1900,$0.99
mens travel wallet,1900,$0.95
traveling with cats,1900,$0.87
travel masters,1900,$0.86
traveling with infant,1900,$0.86
travel photo album,1900,$0.80
top places to travel,1900,$0.76
travel coffee maker,1900,$0.76
travel accessories for women,1900,$0.71
travel laundry bag,1900,$0.70
travel baby bed,1900,$0.69
travel food,1900,$0.68
traveling with toddlers,1900,$0.67
travel luggage bags,1900,$0.62
travel bed for baby,1900,$0.60
best gifts for travelers,1900,$0.58
travel stickers,1900,$0.49
travel scale,1900,$0.47
travel network,1900,$0.46
travel items,1900,$0.45
kids travel pillow,1900,$0.44
travel plug adapter,1900,$0.43
traveling salesman,1900,$0.36
travel fan,1900,$0.35
travel media,1900,$0.31
travel quiz,1900,$0.27
travel symbols,1900,$0.03
travelling salesman,1900,$0
travel loans,1600,$5.50
travel pony,1600,$1.98
travel pod,1600,$1.96
travel programs,1600,$1.96
travelers beer,1600,$1.61
travel scooter,1600,$1.45
travel trends,1600,$1.37
travel shirts,1600,$1.29
travel contests,1600,$1.27
travel poems,1600,$1.09
travel cooler,1600,$1.04
travel underwear,1600,$0.91
travel mattress,1600,$0.88
travellers check,1600,$0.85
travel umbrella,1600,$0.77
travel belt,1600,$0.71
travel campers,1600,$0.68
travel shoe bags,1600,$0.62
travel products,1600,$0.54
travel chess set,1600,$0.52
travel keys,1600,$0.47
travel by bus,1600,$0.44
travel phrases,1600,$0.28
travel chanel,1600,$0.26
travel sayings,1600,$0.07
travelers stock,1600,$0
