,Travel Keywords,Global Monthly Search,Global CPC
2,travel republic,1000000,$0.09
3,travel insurance,673000,$7.15
4,travel insured,673000,$7.15
5,traveling insurance,673000,$7.15
6,defense travel system,673000,$1.10
7,travels,550000,$1.64
8,travel clubs,246000,$0.06
9,travel quotes,201000,$1.24
10,travel supermarket,201000,$0.19
11,traveler insurance,165000,$2.62
12,travel agencies,165000,$1.91
13,(adsbygoogle = window.adsbygoogle || []).push({});,(adsbygoogle = window.adsbygoogle || []).push({});,(adsbygoogle = window.adsbygoogle || []).push({});
14,traveling agency,165000,$1.91
15,travel planet,165000,$0.06
16,travelling,135000,$0.94
17,work and travel,135000,$0.61
18,travelers,135000,$0.54
19,travel agents,110000,$1.65
20,traveling,110000,$1.02
21,travel bags,110000,$0.43
22,traveling bags,110000,$0.43
23,travel channel,110000,$0.27
24,travel lodge,110000,$0.26
25,travellers,90500,$0.53
26,travel apps,74000,$1.75
27,travel bloggers,74000,$1.03
28,travel blogs,74000,$1.03
29,travel money,74000,$0.86
30,travel trailers,60500,$1.23
31,travel news,60500,$0.80
32,travel planner,60500,$0.68
33,travel planning,60500,$0.68
34,travel plans,60500,$0.68
35,cheap travel insurance,49500,$5.63
36,budget travel,49500,$0.47
37,travel insurance compare,40500,$3.42
38,travel cards,40500,$3.32
39,travel sites,40500,$3.24
40,traveling sites,40500,$3.24
41,last minute travel deals,40500,$1.67
42,travel mugs,40500,$1.15
43,travel backpacks,40500,$0.99
44,travel jobs,40500,$0.72
45,traveling jobs,40500,$0.72
46,travelling jobs,40500,$0.72
47,travel pillows,40500,$0.52
48,travel systems,40500,$0.38
49,travel advisors,40500,$0.32
50,compare travel insurance,33100,$3.28
51,travel websites,33100,$2.94
52,traveling websites,33100,$2.94
53,best travel credit cards,33100,$18.47
54,travel deals,33100,$1.26
55,quotes about traveling,33100,$0.90
56,travel wallets,33100,$0.82
57,travel guides,33100,$0.70
58,travel girls,33100,$0.13
59,travel nursing,27100,$6.64
60,travel insurance comparisons,27100,$4.11
61,travel insurance direct,27100,$3.30
62,travel and leisure,27100,$2.01
63,student travel,27100,$1.72
64,travel packages,27100,$1.52
65,pilot travel centers,27100,$0.77
66,joint travel regulations,27100,$0
67,best travel insurance,22200,$5.25
68,travel guard,22200,$1.68
69,travel magazine,22200,$1.39
70,traveler magazine,22200,$1.39
71,world traveller,22200,$1.06
72,travel buddies,22200,$1.03
73,travel services,22200,$0.81
74,overseas adventure travel,22200,$0.79
75,travel journals,22200,$0.64
76,global travel,22200,$0.38
77,traveling games,22200,$0.30
78,safe travels,22200,$0.24
79,best credit card for travel,18100,$21.48
80,is time travel possible,18100,$1.57
81,travel brochures,18100,$1.56
82,travel the world,18100,$1.47
83,traveling the world,18100,$1.47
84,cheap places to travel,18100,$1.40
85,travel checklist,18100,$1.15
86,traveling checklist,18100,$1.15
87,travel and tourism,18100,$0.89
88,travel times,18100,$0.80
89,travel man,18100,$0.75
90,travel accessories,18100,$0.71
91,travel maps,18100,$0.68
92,travel smart,18100,$0.21
93,travellers insurance,14800,$3.81
94,travel pirates,14800,$2.92
95,travel companies,14800,$2.11
96,travel company,14800,$2.11
97,travel alone,14800,$1.64
98,world travel,14800,$1.35
99,travel agent jobs,14800,$1.34
100,travel pro,14800,$1.26
101,best place to travel,14800,$1.24
102,the traveler,14800,$1.19
103,travel style,14800,$0.97
104,travel tips,14800,$0.94
105,traveling tips,14800,$0.94
106,travel essentials,14800,$0.88
107,traveling essentials,14800,$0.88
108,travel packs,14800,$0.81
109,travel books,14800,$0.41
110,cruise travel,14800,$0.35
111,travel irons,14800,$0.29
112,travel kettle,14800,$0.21
113,travel insurance reviews,12100,$5.35
114,traveler checks,12100,$4.02
115,travelers check,12100,$4.02
116,travelers checks,12100,$4.02
117,how to become a travel agent,12100,$3.92
118,travel credit cards,12100,$21.54
119,travel vaccinations,12100,$2.87
120,travel vaccines,12100,$2.87
121,travel math,12100,$2.86
122,travelers auto insurance,12100,$2.39
123,travel clothes,12100,$1.49
124,travel clothing,12100,$1.49
125,cheap travel,12100,$1.30
126,travel tours,12100,$1.27
127,travel itinerary,12100,$1.03
128,discount travel,12100,$0.97
129,travel bug,12100,$0.85
130,travel info,12100,$0.81
131,travellers cheques,12100,$0.79
132,travel hair dryer,12100,$0.65
133,travel bus,12100,$0.59
134,travel buses,12100,$0.59
135,travel alerts,12100,$0.54
136,golf travel bag,12100,$0.53
137,travel documents,12100,$0.51
138,travel diary,12100,$0.46
139,travel adapters,12100,$0.45
140,travelers notebook,12100,$0.41
141,smart traveler,12100,$0.40
142,travel warnings,12100,$0.27
143,travel experts,12100,$0.25
144,travel tattoos,12100,$0.09
145,travel definition,12100,$0.08
146,traveled definition,12100,$0.08
147,business traveller,9900,$9.32
148,travel health insurance,9900,$7.39
149,travel insurance quotes,9900,$6.26
150,best travel apps,9900,$2.84
151,adventure travel,9900,$2.42
152,best travel sites,9900,$2.25
153,online travel agency,9900,$2.11
154,traveling around the world,9900,$1.95
155,travel coffee mugs,9900,$1.70
156,travel impressions,9900,$1.69
157,places to travel,9900,$1.54
158,travel tracker,9900,$1.21
159,best traveling backpack,9900,$1.07
160,travel cribs,9900,$1
161,travel companions,9900,$0.93
162,travel logos,9900,$0.86
163,travel luggage,9900,$0.83
164,travel security,9900,$0.60
165,travel kit,9900,$0.58
166,travel kits,9900,$0.58
167,travel gifts,9900,$0.56
168,travel document holder,9900,$0.55
169,bus travel,9900,$0.30
170,travel pass,9900,$0.30
171,travel directions,9900,$0.25
172,travel time to work,9900,$0.23
173,travel list,9900,$0.14
174,international travel insurance,8100,$9.16
175,business travel,8100,$8.75
176,travel hacks,8100,$3.68
177,travel expenses,8100,$2.63
178,travel doctor,8100,$2.15
179,travel visa,8100,$1.97
180,travel visas,8100,$1.97
181,travel abroad,8100,$1.75
182,traveling abroad,8100,$1.75
183,travel photography,8100,$1.63
184,travel express,8100,$1.60
185,travel packing list,8100,$1.15
186,mens travel bag,8100,$1.10
187,get paid to travel,8100,$0.98
188,travel synonyms,8100,$0.94
189,travel partner,8100,$0.90
190,travel partners,8100,$0.90
191,travel purses,8100,$0.86
192,best backpacks for travel,8100,$0.83
193,travel safe,8100,$0.81
194,travel safety,8100,$0.81
195,travel jewelry case,8100,$0.78
196,best travel camera,8100,$0.74
197,travel link,8100,$0.69
198,travel booking,8100,$0.62
199,travellers rest,8100,$0.52
200,travel reviews,8100,$0.47
201,travel advice,8100,$0.46
202,best travel pillow,8100,$0.37
203,travel wallpaper,8100,$0.35
204,travel light,8100,$0.33
205,travel potty,8100,$0.27
206,travel fox,8100,$0.12
207,travel docs,6600,$5.73
208,platinum executive travel,6600,$3.86
209,group travel,6600,$2.73
210,travel writing,6600,$2.63
211,online travel agents,6600,$2.18
212,travel pants,6600,$2.09
213,traveling pants,6600,$2.09
214,best travel cards,6600,$11.94
215,the travelers,6600,$1.93
216,travel jacket,6600,$1.81
217,travel jackets,6600,$1.81
218,travel bound,6600,$1.68
219,travel planners,6600,$1.62
220,travel consultant,6600,$1.49
221,travel distance,6600,$1.37
222,travel tickets,6600,$1.28
223,travel leisure,6600,$1.22
224,travel outfits,6600,$1.12
225,traveling outfits,6600,$1.12
226,best camera for travel,6600,$0.90
227,travel cases,6600,$0.85
228,travel world,6600,$0.83
229,travel stores,6600,$0.75
230,travel suitcase,6600,$0.72
231,traveling suitcase,6600,$0.72
232,travel stroller,6600,$0.69
233,travel center,6600,$0.67
234,travel icons,6600,$0.65
235,travel cubes,6600,$0.64
236,travel alarm clocks,6600,$0.61
237,travel bags for men,6600,$0.60
238,gifts for travelers,6600,$0.58
239,top travel,6600,$0.51
240,best travel mug,6600,$0.43
241,travel expo,6600,$0.39
242,traveling wilburys end of the line,6600,$0.27
243,travel tattoo,6600,$0.19
244,leisure travel vans,6600,$0.15
245,travel weather,6600,$0.12
246,travel insurance companies,5400,$9.74
247,become a travel agent,5400,$3.80
248,travel noire,5400,$3.48
249,travel assistant,5400,$2.89
250,how to travel for free,5400,$2.48
251,travel hacker,5400,$2.36
252,travel hacking,5400,$2.36
253,travel groups,5400,$2.14
254,how to travel the world,5400,$2.13
255,travelers rest high school,5400,$19.42
256,travel images,5400,$1.84
257,travel voucher,5400,$1.67
258,travel with kids,5400,$1.56
259,travel meaning,5400,$1.48
260,travel posters,5400,$1.38
261,travel forum,5400,$1.22
262,travel forums,5400,$1.22
263,leather travel bags,5400,$1.10
264,best travel bags,5400,$1.01
265,backpacks for travel,5400,$0.94
266,travel asia,5400,$0.89
267,travel blankets,5400,$0.78
268,travel information,5400,$0.72
269,travel pictures,5400,$0.72
270,travel gear,5400,$0.70
271,travel organizer,5400,$0.66
272,car seat travel bag,5400,$0.58
273,travel gadgets,5400,$0.57
274,travel by train,5400,$0.55
275,travel towel,5400,$0.48
276,travel adaptor,5400,$0.47
277,travel pouch,5400,$0.44
278,travel talk,5400,$0.15
279,travel synonym,5400,$0
280,travelers car insurance,4400,$2.40
281,travel town,4400,$1.98
282,prepaid travel card,4400,$1.59
283,cheap travel destinations,4400,$1.50
284,travel dresses,4400,$1.39
285,travel photos,4400,$1.27
286,benefits of traveling,4400,$1.12
287,travel backpacks for women,4400,$1.07
288,travel show,4400,$1.07
289,travel cups,4400,$0.99
290,travelers careers,4400,$0.86
291,travelers rest,4400,$0.82
292,travel handbags,4400,$0.72
293,travel and tourism jobs,4400,$0.60
294,travel log,4400,$0.57
295,travel steamer,4400,$0.56
296,travel bottles,4400,$0.50
297,travelation,4400,$0.28
298,define traveling,4400,$0.21
299,synonym for travel,4400,$0.14
300,travelers insurance claims,3600,$8.90
301,travel advantage network,3600,$2.79
302,travel wiki,3600,$2.43
303,corporate travel,3600,$10.07
304,travel adventures,3600,$1.86
305,travel articles,3600,$1.84
306,travel calculator,3600,$1.78
307,travel photographer,3600,$1.78
308,travel coupons,3600,$1.76
309,travel ideas,3600,$1.53
310,best places to travel in the world,3600,$1.52
311,travel shoes,3600,$1.49
312,travel stories,3600,$1.45
313,travel duffel bags,3600,$1.26
314,travel cheap,3600,$1.10
315,travel backpacks for men,3600,$1.04
316,travel check,3600,$0.98
317,travel writing jobs,3600,$0.92
318,online travel,3600,$0.86
319,travel camera,3600,$0.78
320,travel gift ideas,3600,$0.73
321,travel net,3600,$0.66
322,travel videos,3600,$0.66
323,travel songs,3600,$0.64
324,travel box,3600,$0.61
325,travel clock,3600,$0.61
326,travel bed,3600,$0.59
327,travel distance calculator,3600,$0.59
328,traveler beer,3600,$0.59
329,best travel books,3600,$0.52
330,travel words,3600,$0.46
331,travel plus,3600,$0.44
332,travel charger,3600,$0.36
333,travel click,3600,$0.30
334,best travel system,3600,$0.23
335,travel wods,3600,$0.08
336,buy travel insurance,2900,$6.21
337,travelers insurance company,2900,$3.95
338,travel web,2900,$3.31
339,travel medicine,2900,$2.57
340,best travel agency,2900,$2.37
341,best traveling agencies,2900,$2.37
342,travel for free,2900,$2.11
343,travel clipart,2900,$2
344,travel rewards,2900,$11.04
345,top travel blogs,2900,$1.91
346,travel and transport,2900,$1.83
347,travel team,2900,$1.83
348,traveling teams,2900,$1.83
349,travel tech,2900,$1.59
350,best travel deals,2900,$1.58
351,travel vests,2900,$1.53
352,travel grants,2900,$1.50
353,travel careers,2900,$1.46
354,how to travel,2900,$1.30
355,world travel guide,2900,$1.25
356,travel discounts,2900,$1.20
357,travel flights,2900,$1.07
358,travel trunks,2900,$1.03
359,womens travel bags,2900,$1
360,travel wifi,2900,$0.98
361,travel industry,2900,$0.95
362,travel toothbrush,2900,$0.93
363,makeup travel bag,2900,$0.87
364,travel ban,2900,$0.87
365,travel tags,2900,$0.87
366,travel yoga mat,2900,$0.85
367,leisure travel,2900,$0.84
368,travel air,2900,$0.76
369,travel chairs,2900,$0.75
370,travel bar,2900,$0.72
371,travel port,2900,$0.70
372,best travel accessories,2900,$0.66
373,travel golf bag,2900,$0.64
374,travel golf bags,2900,$0.64
375,travel size,2900,$0.60
376,travel city,2900,$0.55
377,travel toiletries,2900,$0.54
378,travel vans,2900,$0.51
379,easy click travel,2900,$0.43
380,travel during pregnancy,2900,$0.42
381,long travel,2900,$0.27
382,travel forecast,2900,$0.09
383,travel meme,2900,$0
384,travel policy,2400,$3.85
385,discount travel sites,2400,$2.91
386,travel manager,2400,$2.71
387,cruise travel agents,2400,$2.29
388,executive travel,2400,$2.02
389,travel traders,2400,$13.08
390,travel management company,2400,$10.54
391,travel to work,2400,$1.99
392,travel merry,2400,$1.83
393,travel places,2400,$1.82
394,travel quest,2400,$1.82
395,book travel,2400,$1.46
396,travelers aid,2400,$1.34
397,slow travel,2400,$1.31
398,travel music,2400,$1.25
399,traveling with a baby,2400,$1.14
400,time travel books,2400,$1.12
401,travel printer,2400,$1.09
402,best travel luggage,2400,$1.06
403,travel plaza,2400,$0.96
404,exotic travelers,2400,$0.91
405,travel budget,2400,$0.91
406,travel socks,2400,$0.89
407,travelers choice,2400,$0.89
408,travel containers,2400,$0.81
409,watch travel case,2400,$0.80
410,travel academy,2400,$0.79
411,travel notebook,2400,$0.74
412,travel and leisure magazine,2400,$0.71
413,small travel bags,2400,$0.70
414,travel size products,2400,$0.67
415,travel art,2400,$0.60
416,travel mirror,2400,$0.60
417,travel bed for toddler,2400,$0.55
418,outdoor traveler,2400,$0.54
419,travel set,2400,$0.53
420,gifts for people who travel,2400,$0.49
421,travel tv,2400,$0.48
422,travel exchange,2400,$0.43
423,the travelers gift,2400,$0.42
424,travel watch,2400,$0.39
425,travel home,2400,$0.35
426,global business travel,1900,$4.84
427,travel agent training,1900,$4.78
428,how to start a travel blog,1900,$3.87
429,travel business,1900,$2.89
430,adventure travel companies,1900,$2.55
431,travel on a budget,1900,$2.38
432,traveling on a budget,1900,$2.38
433,emergency travel document,1900,$2.13
434,destination travel,1900,$1.86
435,travel blazer,1900,$1.84
436,how to start a travel agency,1900,$1.77
437,womenâ€™s travel clothing,1900,$1.76
438,travel passport,1900,$1.72
439,traveling with pets,1900,$1.68
440,travel safety tips,1900,$1.50
441,cheap ways to travel,1900,$1.20
442,travel photography jobs,1900,$1.19
443,travel desk,1900,$1.18
444,best travel shoes,1900,$1.15
445,travel reservation,1900,$1.11
446,travel divas,1900,$1.05
447,travel state,1900,$1.02
448,travellers beach resort,1900,$0.99
449,mens travel wallet,1900,$0.95
450,traveling with cats,1900,$0.87
451,travel masters,1900,$0.86
452,traveling with infant,1900,$0.86
453,travel photo album,1900,$0.80
454,top places to travel,1900,$0.76
455,travel coffee maker,1900,$0.76
456,travel accessories for women,1900,$0.71
457,travel laundry bag,1900,$0.70
458,travel baby bed,1900,$0.69
459,travel food,1900,$0.68
460,traveling with toddlers,1900,$0.67
461,travel luggage bags,1900,$0.62
462,travel bed for baby,1900,$0.60
463,best gifts for travelers,1900,$0.58
464,travel stickers,1900,$0.49
465,travel scale,1900,$0.47
466,travel network,1900,$0.46
467,travel items,1900,$0.45
468,kids travel pillow,1900,$0.44
469,travel plug adapter,1900,$0.43
470,traveling salesman,1900,$0.36
471,travel fan,1900,$0.35
472,travel media,1900,$0.31
473,travel quiz,1900,$0.27
474,travel symbols,1900,$0.03
475,travelling salesman,1900,$0
476,travel loans,1600,$5.50
477,travel pony,1600,$1.98
478,travel pod,1600,$1.96
479,travel programs,1600,$1.96
480,travelers beer,1600,$1.61
481,travel scooter,1600,$1.45
482,travel trends,1600,$1.37
483,travel shirts,1600,$1.29
484,travel contests,1600,$1.27
485,travel poems,1600,$1.09
486,travel cooler,1600,$1.04
487,travel underwear,1600,$0.91
488,travel mattress,1600,$0.88
489,travellers check,1600,$0.85
490,travel umbrella,1600,$0.77
491,travel belt,1600,$0.71
492,travel campers,1600,$0.68
493,travel shoe bags,1600,$0.62
494,travel products,1600,$0.54
495,travel chess set,1600,$0.52
496,travel keys,1600,$0.47
497,travel by bus,1600,$0.44
498,travel phrases,1600,$0.28
499,travel chanel,1600,$0.26
500,travel sayings,1600,$0.07
501,travelers stock,1600,$0
